COUNTY_NAME,AGE_GROUP,TOT_OFFENSES
Anderson,10-19,17.5
Anderson,20-29,38.25
Anderson,30-39,30.0
Anderson,40-49,12.25
Anderson,50-59,9.75
Anderson,60-69,4.25
Anderson,70-79,4.0
Andrews,10-19,71.5
Andrews,20-29,72.0
Andrews,30-39,59.0
Andrews,40-49,32.0
Andrews,50-59,11.0
Andrews,60-69,2.5
Angelina,20-29,1.0
Angelina,30-39,2.0
Aransas,10-19,8.0
Aransas,20-29,20.0
Aransas,30-39,24.5
Aransas,40-49,9.5
Aransas,50-59,24.0
Aransas,60-69,14.0
Aransas,70-79,1.0
Atascosa,10-19,31.0
Atascosa,20-29,88.0
Atascosa,30-39,99.5
Atascosa,40-49,48.5
Atascosa,50-59,17.5
Atascosa,60-69,7.5
Atascosa,70-79,1.5
Austin,10-19,20.25
Austin,20-29,40.25
Austin,30-39,27.5
Austin,40-49,9.0
Austin,50-59,6.0
Austin,60-69,2.6666666666666665
Bandera,10-19,8.0
Bandera,20-29,20.0
Bandera,30-39,20.5
Bandera,40-49,11.0
Bandera,50-59,8.0
Bandera,60-69,7.0
Bandera,70-79,1.0
Bastrop,10-19,25.5
Bastrop,20-29,44.5
Bastrop,30-39,38.0
Bastrop,40-49,19.5
Bastrop,50-59,13.0
Bastrop,60-69,5.0
Bastrop,70-79,1.0
Bastrop,80-89,1.0
Baylor,10-19,6.75
Baylor,20-29,11.5
Baylor,30-39,12.25
Baylor,40-49,4.5
Baylor,50-59,2.6666666666666665
Baylor,60-69,2.0
Baylor,70-79,1.0
Bee,20-29,1.0
Bee,40-49,2.0
Bell,10-19,148.25
Bell,20-29,483.0
Bell,30-39,367.75
Bell,40-49,168.25
Bell,50-59,92.0
Bell,60-69,34.25
Bell,70-79,7.666666666666667
Bell,80-89,2.0
Bexar,10-19,295.0
Bexar,20-29,258.0
Bexar,30-39,184.5
Bexar,40-49,95.66666666666667
Bexar,50-59,39.333333333333336
Bexar,60-69,11.666666666666666
Bexar,70-79,1.6666666666666667
Bexar; Medina; Atascosa,10-19,2.0
Bexar; Medina; Atascosa,20-29,3.0
Bexar; Medina; Atascosa,40-49,1.0
Blanco,10-19,1.0
Blanco,20-29,2.0
Blanco,30-39,8.0
Blanco,40-49,2.5
Blanco,50-59,1.0
Blanco,60-69,1.0
Bowie,10-19,18.0
Bowie,20-29,26.0
Bowie,30-39,28.0
Bowie,40-49,14.5
Bowie,50-59,6.5
Bowie,60-69,2.0
Brazoria,10-19,98.25
Brazoria,20-29,230.0
Brazoria,30-39,186.25
Brazoria,40-49,86.75
Brazoria,50-59,43.75
Brazoria,60-69,13.5
Brazoria,70-79,3.0
Brazoria,80-89,2.0
Brazos,10-19,311.0
Brazos,20-29,663.0
Brazos,30-39,233.5
Brazos,40-49,101.0
Brazos,50-59,35.5
Brazos,60-69,9.0
Brazos,70-79,2.0
Brazos,80-89,1.0
Brewster,10-19,9.0
Brewster,20-29,33.666666666666664
Brewster,30-39,14.666666666666666
Brewster,40-49,7.666666666666667
Brewster,50-59,4.5
Brewster,60-69,1.6666666666666667
Brewster,70-79,1.0
Brown,10-19,129.66666666666666
Brown,20-29,197.0
Brown,30-39,142.66666666666666
Brown,40-49,68.33333333333333
Brown,50-59,41.666666666666664
Brown,60-69,14.333333333333334
Brown,70-79,4.333333333333333
Brown,80-89,1.0
Burnet,10-19,147.75
Burnet,20-29,201.5
Burnet,30-39,190.75
Burnet,40-49,91.5
Burnet,50-59,50.75
Burnet,60-69,17.75
Burnet,70-79,3.25
Burnet,80-89,1.5
Burnet; Llano,10-19,8.5
Burnet; Llano,20-29,12.0
Burnet; Llano,30-39,6.0
Burnet; Llano,40-49,2.6666666666666665
Burnet; Llano,50-59,4.333333333333333
Burnet; Llano,60-69,1.5
Burnet; Llano,70-79,1.0
Caldwell,10-19,5.5
Caldwell,20-29,16.5
Caldwell,30-39,8.5
Caldwell,40-49,6.5
Caldwell,50-59,2.0
Caldwell,60-69,3.0
Caldwell; Hays,10-19,226.5
Caldwell; Hays,20-29,505.0
Caldwell; Hays,30-39,231.0
Caldwell; Hays,40-49,88.5
Caldwell; Hays,50-59,27.0
Caldwell; Hays,60-69,13.5
Caldwell; Hays,70-79,1.5
Caldwell; Travis,10-19,3.0
Caldwell; Travis,20-29,3.0
Caldwell; Travis,30-39,2.0
Calhoun,10-19,52.5
Calhoun,20-29,94.75
Calhoun,30-39,79.5
Calhoun,40-49,43.75
Calhoun,50-59,28.5
Calhoun,60-69,8.0
Calhoun,70-79,1.0
Calhoun,80-89,1.0
Calhoun,90+,1.0
Cameron,10-19,905.3333333333334
Cameron,20-29,1334.3333333333333
Cameron,30-39,762.6666666666666
Cameron,40-49,427.0
Cameron,50-59,185.0
Cameron,60-69,70.0
Cameron,70-79,15.0
Cameron,80-89,1.0
Camp,10-19,21.666666666666668
Camp,20-29,56.666666666666664
Camp,30-39,47.0
Camp,40-49,30.666666666666668
Camp,50-59,14.0
Camp,60-69,3.3333333333333335
Camp,70-79,1.0
Cass,10-19,5.666666666666667
Cass,20-29,10.0
Cass,30-39,14.0
Cass,40-49,7.666666666666667
Cass,50-59,5.333333333333333
Cass,60-69,1.6666666666666667
Cass,70-79,1.0
Chambers,10-19,43.0
Chambers,20-29,164.25
Chambers,30-39,147.25
Chambers,40-49,88.0
Chambers,50-59,42.75
Chambers,60-69,18.0
Chambers,70-79,1.6666666666666667
Chambers; Harris,10-19,66.0
Chambers; Harris,20-29,159.0
Chambers; Harris,30-39,123.0
Chambers; Harris,40-49,94.0
Chambers; Harris,50-59,47.0
Chambers; Harris,60-69,11.0
Chambers; Harris,70-79,5.0
Chambers; Harris,80-89,1.0
Cherokee,10-19,34.0
Cherokee,20-29,102.25
Cherokee,30-39,90.75
Cherokee,40-49,49.5
Cherokee,50-59,29.5
Cherokee,60-69,9.0
Cherokee,70-79,1.0
Childress,10-19,1.0
Childress,20-29,2.0
Cochran,10-19,3.5
Cochran,20-29,13.0
Cochran,30-39,7.0
Cochran,40-49,5.5
Cochran,50-59,2.0
Collin,10-19,556.0
Collin,20-29,792.0
Collin,30-39,566.25
Collin,40-49,302.25
Collin,50-59,150.0
Collin,60-69,39.75
Collin,70-79,5.5
Collin,80-89,2.0
Collin; Dallas,10-19,393.25
Collin; Dallas,20-29,870.25
Collin; Dallas,30-39,568.25
Collin; Dallas,40-49,264.5
Collin; Dallas,50-59,115.0
Collin; Dallas,60-69,35.0
Collin; Dallas,70-79,6.333333333333333
Collin; Dallas,80-89,5.0
Collin; Dallas; Denton,10-19,207.0
Collin; Dallas; Denton,20-29,430.0
Collin; Dallas; Denton,30-39,238.0
Collin; Dallas; Denton,40-49,99.0
Collin; Dallas; Denton,50-59,36.0
Collin; Dallas; Denton,60-69,6.0
Colorado,10-19,3.0
Colorado,20-29,4.666666666666667
Colorado,30-39,7.0
Colorado,40-49,2.0
Colorado,50-59,3.0
Comal,10-19,19.666666666666668
Comal,20-29,37.0
Comal,30-39,29.333333333333332
Comal,40-49,14.0
Comal,50-59,8.333333333333334
Comal,60-69,1.0
Comal; Guadalupe; Bexar,10-19,7.0
Comal; Guadalupe; Bexar,20-29,19.0
Comal; Guadalupe; Bexar,30-39,10.0
Comal; Guadalupe; Bexar,40-49,8.0
Comal; Guadalupe; Bexar,50-59,1.0
Comal; Kendall; Bexar,10-19,27.0
Comal; Kendall; Bexar,20-29,53.0
Comal; Kendall; Bexar,30-39,29.5
Comal; Kendall; Bexar,40-49,7.0
Comal; Kendall; Bexar,50-59,6.5
Comal; Kendall; Bexar,60-69,2.5
Comal; Kendall; Bexar,80-89,1.0
Comanche,10-19,6.0
Comanche,20-29,6.5
Comanche,30-39,10.0
Comanche,40-49,4.0
Comanche,50-59,3.0
Comanche,60-69,2.0
Concho,20-29,1.0
Cooke,10-19,16.5
Cooke,20-29,43.0
Cooke,30-39,61.0
Cooke,40-49,47.5
Cooke,50-59,30.5
Cooke,60-69,12.5
Cooke,70-79,2.0
Cooke,80-89,1.0
Cooke; Denton,10-19,15.5
Cooke; Denton,20-29,16.5
Cooke; Denton,30-39,21.0
Cooke; Denton,40-49,11.0
Cooke; Denton,50-59,3.5
Cooke; Denton,60-69,1.0
Coryell,10-19,40.5
Coryell,20-29,81.5
Coryell,30-39,65.75
Coryell,40-49,34.0
Coryell,50-59,13.5
Coryell,60-69,4.333333333333333
Coryell,70-79,1.5
Dallas,10-19,441.0
Dallas,20-29,1137.5
Dallas,30-39,746.25
Dallas,40-49,346.0
Dallas,50-59,191.0
Dallas,60-69,52.0
Dallas,70-79,5.5
Dallas,80-89,3.0
Dallas; Denton,10-19,346.75
Dallas; Denton,20-29,750.25
Dallas; Denton,30-39,425.25
Dallas; Denton,40-49,183.0
Dallas; Denton,50-59,80.0
Dallas; Denton,60-69,18.75
Dallas; Denton,70-79,2.6666666666666665
Dallas; Denton,80-89,1.0
Dallas; Rockwall; Collin,10-19,129.75
Dallas; Rockwall; Collin,20-29,143.25
Dallas; Rockwall; Collin,30-39,76.0
Dallas; Rockwall; Collin,40-49,43.0
Dallas; Rockwall; Collin,50-59,25.5
Dallas; Rockwall; Collin,60-69,7.666666666666667
Dallas; Rockwall; Collin,70-79,2.0
Deaf Smith,20-29,1.0
Deaf Smith,50-59,1.0
Delta,10-19,2.5
Delta,20-29,12.25
Delta,30-39,9.5
Delta,40-49,7.5
Delta,50-59,4.0
Delta,60-69,1.5
Delta,70-79,1.0
Denton,10-19,482.0
Denton,20-29,1039.25
Denton,30-39,696.75
Denton,40-49,318.25
Denton,50-59,162.75
Denton,60-69,37.75
Denton,70-79,4.0
Denton,80-89,1.3333333333333333
Denton,< 10,1.0
Denton; Collin,10-19,786.25
Denton; Collin,20-29,1859.25
Denton; Collin,30-39,891.0
Denton; Collin,40-49,457.5
Denton; Collin,50-59,216.0
Denton; Collin,60-69,41.25
Denton; Collin,70-79,4.75
Denton; Collin,80-89,1.0
Denton; Collin; Dallas,10-19,82.0
Denton; Collin; Dallas,20-29,39.0
Denton; Collin; Dallas,30-39,14.333333333333334
Denton; Collin; Dallas,40-49,6.333333333333333
Denton; Collin; Dallas,50-59,4.0
Denton; Collin; Dallas,60-69,3.0
Denton; Collin; Dallas,70-79,1.0
Denton; Dallas,10-19,50.0
Denton; Dallas,20-29,77.5
Denton; Dallas,30-39,52.5
Denton; Dallas,40-49,24.0
Denton; Dallas,50-59,12.0
Denton; Dallas,60-69,7.0
Denton; Dallas,70-79,2.0
Dewitt,10-19,47.5
Dewitt,20-29,97.25
Dewitt,30-39,67.75
Dewitt,40-49,34.75
Dewitt,50-59,22.5
Dewitt,60-69,5.5
Dewitt,70-79,2.0
Dewitt; Lavaca,10-19,2.0
Dewitt; Lavaca,20-29,1.0
Dewitt; Lavaca,30-39,1.0
Dewitt; Lavaca,40-49,1.0
Dewitt; Lavaca,50-59,1.0
Duval,10-19,12.666666666666666
Duval,20-29,26.0
Duval,30-39,18.666666666666668
Duval,40-49,8.333333333333334
Duval,50-59,4.0
Duval,60-69,1.0
Eastland,10-19,12.25
Eastland,20-29,21.75
Eastland,30-39,14.75
Eastland,40-49,7.75
Eastland,50-59,7.75
Eastland,60-69,2.25
Eastland,70-79,2.0
Eastland,80-89,1.0
Ector,20-29,5.0
Ector,30-39,1.0
El Paso,10-19,1174.5
El Paso,20-29,2322.0
El Paso,30-39,1479.5
El Paso,40-49,638.5
El Paso,50-59,262.0
El Paso,60-69,94.0
El Paso,70-79,11.0
El Paso,80-89,2.0
El Paso,90+,1.0
Ellis,10-19,2.6666666666666665
Ellis,20-29,13.666666666666666
Ellis,30-39,13.333333333333334
Ellis,40-49,4.0
Ellis,50-59,4.0
Ellis,60-69,1.0
Ellis; Dallas,10-19,134.66666666666666
Ellis; Dallas,20-29,222.0
Ellis; Dallas,30-39,131.0
Ellis; Dallas,40-49,66.33333333333333
Ellis; Dallas,50-59,44.0
Ellis; Dallas,60-69,9.0
Ellis; Dallas,70-79,1.0
Ellis; Dallas,80-89,1.0
Ellis; Johnson,10-19,3.5
Ellis; Johnson,20-29,9.0
Ellis; Johnson,30-39,7.5
Ellis; Johnson,40-49,2.5
Ellis; Johnson,50-59,3.0
Ellis; Johnson,60-69,1.0
Ellis; Johnson; Tarrant,10-19,54.5
Ellis; Johnson; Tarrant,20-29,128.0
Ellis; Johnson; Tarrant,30-39,102.5
Ellis; Johnson; Tarrant,40-49,50.5
Ellis; Johnson; Tarrant,50-59,28.5
Ellis; Johnson; Tarrant,60-69,5.0
Ellis; Johnson; Tarrant,70-79,1.0
Ellis; Tarrant; Dallas,10-19,520.6666666666666
Ellis; Tarrant; Dallas,20-29,1246.6666666666667
Ellis; Tarrant; Dallas,30-39,850.3333333333334
Ellis; Tarrant; Dallas,40-49,402.6666666666667
Ellis; Tarrant; Dallas,50-59,203.33333333333334
Ellis; Tarrant; Dallas,60-69,50.333333333333336
Ellis; Tarrant; Dallas,70-79,8.333333333333334
Erath,10-19,4.0
Erath,20-29,7.5
Erath,30-39,12.0
Erath,40-49,3.5
Erath,50-59,3.0
Fannin,10-19,3.0
Fannin,20-29,15.0
Fannin,30-39,11.0
Fannin,40-49,5.0
Fayette,10-19,14.666666666666666
Fayette,20-29,33.666666666666664
Fayette,30-39,21.0
Fayette,40-49,12.0
Fayette,50-59,6.333333333333333
Fayette,60-69,2.3333333333333335
Fayette,70-79,1.5
Fayette,80-89,2.0
Floyd,10-19,10.0
Floyd,20-29,12.5
Floyd,30-39,14.5
Floyd,40-49,7.5
Floyd,50-59,5.0
Floyd,60-69,1.0
Fort Bend,10-19,471.3333333333333
Fort Bend,20-29,697.6666666666666
Fort Bend,30-39,427.6666666666667
Fort Bend,40-49,244.33333333333334
Fort Bend,50-59,104.66666666666667
Fort Bend,60-69,33.0
Fort Bend,70-79,3.0
Fort Bend,80-89,2.5
Fort Bend; Harris; Brazoria,10-19,540.75
Fort Bend; Harris; Brazoria,20-29,929.0
Fort Bend; Harris; Brazoria,30-39,575.0
Fort Bend; Harris; Brazoria,40-49,271.75
Fort Bend; Harris; Brazoria,50-59,150.0
Fort Bend; Harris; Brazoria,60-69,31.0
Fort Bend; Harris; Brazoria,70-79,3.5
Fort Bend; Harris; Brazoria,80-89,2.0
Freestone,10-19,3.5
Freestone,20-29,9.5
Freestone,30-39,8.0
Freestone,40-49,7.5
Freestone,50-59,2.0
Freestone,60-69,2.0
Galveston,10-19,240.5
Galveston,20-29,551.0
Galveston,30-39,568.5
Galveston,40-49,323.5
Galveston,50-59,180.5
Galveston,60-69,57.5
Galveston,70-79,7.5
Galveston,80-89,2.0
Gillespie,10-19,3.0
Gillespie,20-29,27.0
Gillespie,30-39,20.0
Gillespie,40-49,13.0
Gillespie,50-59,5.0
Gillespie,60-69,5.0
Gillespie,70-79,1.0
Goliad,10-19,5.0
Goliad,20-29,11.25
Goliad,30-39,12.75
Goliad,40-49,6.5
Goliad,50-59,5.75
Goliad,60-69,3.0
Gray,10-19,51.5
Gray,20-29,133.75
Gray,30-39,91.5
Gray,40-49,54.0
Gray,50-59,31.75
Gray,60-69,10.75
Gray,70-79,1.0
Grayson,10-19,84.0
Grayson,20-29,200.5
Grayson,30-39,177.5
Grayson,40-49,104.5
Grayson,50-59,36.5
Grayson,60-69,12.0
Grayson,70-79,2.0
Grimes,10-19,50.333333333333336
Grimes,20-29,52.333333333333336
Grimes,30-39,45.333333333333336
Grimes,40-49,17.666666666666668
Grimes,50-59,14.666666666666666
Grimes,60-69,3.6666666666666665
Grimes,70-79,1.3333333333333333
Grimes,< 10,1.0
Guadalupe,10-19,32.333333333333336
Guadalupe,20-29,44.0
Guadalupe,30-39,34.0
Guadalupe,40-49,18.333333333333332
Guadalupe,50-59,5.333333333333333
Guadalupe,60-69,3.0
Guadalupe; Comal,10-19,334.6666666666667
Guadalupe; Comal,20-29,540.3333333333334
Guadalupe; Comal,30-39,382.6666666666667
Guadalupe; Comal,40-49,191.0
Guadalupe; Comal,50-59,72.66666666666667
Guadalupe; Comal,60-69,18.666666666666668
Guadalupe; Comal,70-79,3.3333333333333335
Hale,10-19,23.0
Hale,20-29,76.66666666666667
Hale,30-39,72.33333333333333
Hale,40-49,23.333333333333332
Hale,50-59,18.0
Hale,60-69,4.0
Hale,70-79,1.0
Hamilton,30-39,1.0
Hansford,20-29,1.5
Hansford,30-39,3.0
Hardin,10-19,114.0
Hardin,20-29,223.0
Hardin,30-39,171.75
Hardin,40-49,79.5
Hardin,50-59,39.0
Hardin,60-69,9.25
Hardin,70-79,3.0
Harris,10-19,905.75
Harris,20-29,2030.5
Harris,30-39,1555.25
Harris,40-49,719.25
Harris,50-59,309.5
Harris,60-69,106.33333333333333
Harris,70-79,9.25
Harris,80-89,5.0
Harris,90+,1.0
Harris; Fort Bend,10-19,110.33333333333333
Harris; Fort Bend,20-29,270.6666666666667
Harris; Fort Bend,30-39,145.33333333333334
Harris; Fort Bend,40-49,64.66666666666667
Harris; Fort Bend,50-59,29.666666666666668
Harris; Fort Bend,60-69,12.666666666666666
Harris; Fort Bend,70-79,2.0
Harris; Fort Bend,80-89,1.0
Harris; Galveston,10-19,168.5
Harris; Galveston,20-29,363.5
Harris; Galveston,30-39,290.0
Harris; Galveston,40-49,158.0
Harris; Galveston,50-59,64.5
Harris; Galveston,60-69,19.5
Harris; Galveston,70-79,2.5
Harrison,10-19,31.666666666666668
Harrison,20-29,75.66666666666667
Harrison,30-39,87.66666666666667
Harrison,40-49,55.333333333333336
Harrison,50-59,22.666666666666668
Harrison,60-69,10.333333333333334
Harrison,70-79,1.0
Harrison; Gregg,10-19,373.0
Harrison; Gregg,20-29,778.75
Harrison; Gregg,30-39,622.75
Harrison; Gregg,40-49,311.5
Harrison; Gregg,50-59,172.0
Harrison; Gregg,60-69,41.75
Harrison; Gregg,70-79,4.75
Harrison; Gregg,80-89,1.0
Hartley; Dallam,10-19,17.0
Hartley; Dallam,20-29,36.5
Hartley; Dallam,30-39,31.5
Hartley; Dallam,40-49,13.5
Hartley; Dallam,50-59,1.5
Hartley; Dallam,60-69,1.5
Haskell,20-29,2.0
Haskell,30-39,1.0
Haskell,40-49,3.0
Haskell,50-59,1.0
Haskell,60-69,1.0
Hays,10-19,217.66666666666666
Hays,20-29,358.3333333333333
Hays,30-39,241.66666666666666
Hays,40-49,120.66666666666667
Hays,50-59,46.333333333333336
Hays,60-69,10.666666666666666
Hays,70-79,2.0
Henderson,10-19,17.666666666666668
Henderson,20-29,57.333333333333336
Henderson,30-39,39.333333333333336
Henderson,40-49,24.0
Henderson,50-59,11.333333333333334
Henderson,60-69,2.6666666666666665
Henderson; Anderson,10-19,10.0
Henderson; Anderson,20-29,38.5
Henderson; Anderson,30-39,24.5
Henderson; Anderson,40-49,16.25
Henderson; Anderson,50-59,7.25
Henderson; Anderson,70-79,1.0
Hidalgo,10-19,406.5
Hidalgo,20-29,607.5
Hidalgo,30-39,336.5
Hidalgo,40-49,195.0
Hidalgo,50-59,74.25
Hidalgo,60-69,23.25
Hidalgo,70-79,4.25
Hidalgo,80-89,1.0
Hill,10-19,35.0
Hill,20-29,85.33333333333333
Hill,30-39,74.33333333333333
Hill,40-49,43.333333333333336
Hill,50-59,20.333333333333332
Hill,60-69,7.666666666666667
Hill,70-79,2.5
Hockley,10-19,28.0
Hockley,20-29,60.0
Hockley,30-39,45.333333333333336
Hockley,40-49,34.0
Hockley,50-59,10.333333333333334
Hockley,60-69,4.666666666666667
Hockley,70-79,1.0
Hood,10-19,18.5
Hood,20-29,27.0
Hood,30-39,32.666666666666664
Hood,40-49,18.0
Hood,50-59,8.5
Hood,60-69,3.0
Hopkins,10-19,22.5
Hopkins,20-29,85.0
Hopkins,30-39,84.0
Hopkins,40-49,46.5
Hopkins,50-59,27.0
Hopkins,60-69,7.5
Hopkins,70-79,1.5
Houston,20-29,1.0
Houston,30-39,1.0
Houston,40-49,1.0
Howard,10-19,133.33333333333334
Howard,20-29,186.66666666666666
Howard,30-39,210.0
Howard,40-49,91.66666666666667
Howard,50-59,38.666666666666664
Howard,60-69,12.0
Howard,70-79,1.0
Hudspeth,10-19,15.0
Hudspeth,20-29,157.33333333333334
Hudspeth,30-39,95.66666666666667
Hudspeth,40-49,44.666666666666664
Hudspeth,50-59,37.0
Hudspeth,60-69,12.0
Hudspeth,70-79,4.5
Hunt,10-19,61.666666666666664
Hunt,20-29,92.75
Hunt,30-39,78.0
Hunt,40-49,43.666666666666664
Hunt,50-59,32.5
Hunt,60-69,9.0
Hunt,70-79,2.5
Hunt,80-89,1.0
Hunt; Collin; Rockwall,10-19,107.25
Hunt; Collin; Rockwall,20-29,236.0
Hunt; Collin; Rockwall,30-39,144.25
Hunt; Collin; Rockwall,40-49,73.75
Hunt; Collin; Rockwall,50-59,34.25
Hunt; Collin; Rockwall,60-69,10.0
Hunt; Collin; Rockwall,70-79,2.0
Hutchinson,10-19,29.0
Hutchinson,20-29,55.25
Hutchinson,30-39,59.25
Hutchinson,40-49,24.0
Hutchinson,50-59,7.25
Hutchinson,60-69,1.5
Jackson,10-19,47.75
Jackson,20-29,63.25
Jackson,30-39,60.0
Jackson,40-49,22.25
Jackson,50-59,10.0
Jackson,60-69,2.25
Jackson,70-79,1.0
Jackson,80-89,1.0
Jasper,10-19,21.0
Jasper,20-29,62.666666666666664
Jasper,30-39,73.66666666666667
Jasper,40-49,30.333333333333332
Jasper,50-59,14.666666666666666
Jasper,60-69,4.0
Jasper,70-79,1.0
Jasper,80-89,1.0
Jefferson,10-19,53.5
Jefferson,20-29,133.25
Jefferson,30-39,121.25
Jefferson,40-49,60.75
Jefferson,50-59,20.5
Jefferson,60-69,7.5
Johnson,10-19,150.75
Johnson,20-29,263.25
Johnson,30-39,208.25
Johnson,40-49,103.5
Johnson,50-59,55.25
Johnson,60-69,16.25
Johnson,70-79,4.75
Jones; Taylor,10-19,393.75
Jones; Taylor,20-29,593.25
Jones; Taylor,30-39,572.25
Jones; Taylor,40-49,267.75
Jones; Taylor,50-59,143.25
Jones; Taylor,60-69,42.75
Jones; Taylor,70-79,6.5
Jones; Taylor,80-89,1.0
Jones; Taylor,90+,1.0
Karnes,20-29,2.0
Karnes,30-39,2.0
Karnes,40-49,1.0
Karnes,60-69,2.0
Kaufman,10-19,314.25
Kaufman,20-29,641.0
Kaufman,30-39,563.5
Kaufman,40-49,316.75
Kaufman,50-59,164.5
Kaufman,60-69,49.5
Kaufman,70-79,8.75
Kaufman,80-89,2.0
Kaufman,90+,1.0
Kaufman; Dallas,10-19,6.0
Kaufman; Dallas,20-29,1.0
Kaufman; Dallas,30-39,1.0
Kaufman; Dallas,40-49,1.0
Kaufman; Dallas,50-59,3.0
Kaufman; Henderson,20-29,1.0
Kaufman; Henderson,30-39,1.0
Kendall,10-19,159.75
Kendall,20-29,300.5
Kendall,30-39,195.25
Kendall,40-49,87.25
Kendall,50-59,44.25
Kendall,60-69,16.5
Kendall,70-79,4.0
Kerr,10-19,155.0
Kerr,20-29,165.33333333333334
Kerr,30-39,127.66666666666667
Kerr,40-49,44.0
Kerr,50-59,31.0
Kerr,60-69,11.0
Kerr,70-79,2.0
Lamar,10-19,17.0
Lamar,20-29,44.75
Lamar,30-39,35.25
Lamar,40-49,23.0
Lamar,50-59,13.0
Lamar,60-69,7.666666666666667
Lamar,70-79,1.0
Lampasas,10-19,77.25
Lampasas,20-29,133.75
Lampasas,30-39,87.75
Lampasas,40-49,58.0
Lampasas,50-59,30.5
Lampasas,60-69,7.333333333333333
Lampasas,70-79,1.5
Lavaca,10-19,21.0
Lavaca,20-29,37.75
Lavaca,30-39,25.5
Lavaca,40-49,12.75
Lavaca,50-59,7.25
Lavaca,60-69,2.5
Lavaca,70-79,2.0
Lee,10-19,12.0
Lee,20-29,53.0
Lee,30-39,48.0
Lee,40-49,15.0
Lee,50-59,8.0
Lee,60-69,3.0
Leon,40-49,1.0
Leon,60-69,1.0
Liberty,10-19,28.0
Liberty,20-29,79.25
Liberty,30-39,72.0
Liberty,40-49,51.25
Liberty,50-59,19.5
Liberty,60-69,3.5
Liberty,70-79,4.0
Limestone,10-19,61.0
Limestone,20-29,93.33333333333333
Limestone,30-39,68.33333333333333
Limestone,40-49,36.0
Limestone,50-59,16.333333333333332
Limestone,60-69,10.666666666666666
Limestone,70-79,2.0
Llano,10-19,25.5
Llano,20-29,35.0
Llano,30-39,43.5
Llano,40-49,25.0
Llano,50-59,4.0
Llano,60-69,4.0
Llano,70-79,1.0
Lubbock,10-19,1493.25
Lubbock,20-29,1909.75
Lubbock,30-39,1516.5
Lubbock,40-49,763.5
Lubbock,50-59,397.0
Lubbock,60-69,86.0
Lubbock,70-79,15.5
Lubbock,80-89,2.6666666666666665
Lubbock,90+,1.0
Madison,10-19,9.0
Madison,20-29,37.5
Madison,30-39,37.25
Madison,40-49,23.75
Madison,50-59,10.25
Madison,60-69,3.5
Madison,70-79,1.0
Marion,10-19,4.0
Marion,20-29,9.0
Marion,30-39,10.5
Marion,40-49,4.5
Marion,50-59,6.0
Marion,60-69,2.5
Martin,20-29,1.0
Matagorda,10-19,95.0
Matagorda,20-29,168.5
Matagorda,30-39,148.25
Matagorda,40-49,70.5
Matagorda,50-59,39.25
Matagorda,60-69,14.75
Matagorda,70-79,2.5
Matagorda,80-89,1.0
Mclennan,10-19,717.5
Mclennan,20-29,1317.75
Mclennan,30-39,991.75
Mclennan,40-49,519.75
Mclennan,50-59,293.25
Mclennan,60-69,93.5
Mclennan,70-79,15.5
Mclennan,80-89,2.0
Medina,10-19,15.25
Medina,20-29,44.75
Medina,30-39,28.25
Medina,40-49,11.75
Medina,50-59,6.75
Medina,60-69,2.0
Medina,70-79,2.0
Midland; Ector,10-19,32.0
Midland; Ector,20-29,102.0
Midland; Ector,30-39,83.0
Midland; Ector,40-49,34.0
Midland; Ector,50-59,27.0
Midland; Ector,60-69,4.0
Milam,10-19,32.5
Milam,20-29,83.75
Milam,30-39,57.25
Milam,40-49,32.75
Milam,50-59,19.0
Milam,60-69,5.75
Milam,70-79,1.3333333333333333
Milam,80-89,1.0
Montgomery,10-19,380.75
Montgomery,20-29,737.25
Montgomery,30-39,554.0
Montgomery,40-49,286.5
Montgomery,50-59,132.0
Montgomery,60-69,38.5
Montgomery,70-79,6.0
Montgomery,80-89,1.0
Montgomery,90+,1.0
Montgomery; Fort Bend; Harris,10-19,3569.3333333333335
Montgomery; Fort Bend; Harris,20-29,8693.333333333334
Montgomery; Fort Bend; Harris,30-39,7006.666666666667
Montgomery; Fort Bend; Harris,40-49,3551.0
Montgomery; Fort Bend; Harris,50-59,1952.3333333333333
Montgomery; Fort Bend; Harris,60-69,676.0
Montgomery; Fort Bend; Harris,70-79,78.0
Montgomery; Fort Bend; Harris,80-89,6.666666666666667
Montgomery; Fort Bend; Harris,< 10,3.0
Moore,10-19,21.333333333333332
Moore,20-29,51.666666666666664
Moore,30-39,43.0
Moore,40-49,11.666666666666666
Moore,50-59,12.666666666666666
Moore,60-69,2.5
Moore,70-79,1.0
Morris,10-19,20.0
Morris,20-29,93.5
Morris,30-39,50.0
Morris,40-49,24.5
Morris,50-59,12.5
Morris,60-69,3.0
Nacogdoches,10-19,384.75
Nacogdoches,20-29,778.5
Nacogdoches,30-39,501.5
Nacogdoches,40-49,251.0
Nacogdoches,50-59,126.25
Nacogdoches,60-69,39.25
Nacogdoches,70-79,4.333333333333333
Nacogdoches,80-89,2.0
Navarro,10-19,87.66666666666667
Navarro,20-29,194.0
Navarro,30-39,174.33333333333334
Navarro,40-49,85.66666666666667
Navarro,50-59,56.333333333333336
Navarro,60-69,12.333333333333334
Navarro,70-79,3.0
Navarro,80-89,1.0
Newton,10-19,3.0
Newton,30-39,3.0
Newton,40-49,1.5
Newton,50-59,1.0
Nolan,10-19,8.0
Nolan,20-29,8.5
Nolan,30-39,5.5
Nolan,40-49,3.5
Nolan,50-59,2.5
Nolan,60-69,1.5
Nueces,10-19,863.0
Nueces,20-29,1637.0
Nueces,30-39,1735.0
Nueces,40-49,884.0
Nueces,50-59,439.0
Nueces,60-69,117.0
Nueces,70-79,10.0
Nueces,80-89,1.5
Ochiltree,10-19,24.5
Ochiltree,20-29,47.25
Ochiltree,30-39,33.5
Ochiltree,40-49,13.75
Ochiltree,50-59,7.25
Ochiltree,60-69,2.3333333333333335
Orange,10-19,16.0
Orange,20-29,40.666666666666664
Orange,30-39,33.0
Orange,40-49,18.666666666666668
Orange,50-59,8.333333333333334
Orange,60-69,3.0
Orange; Jefferson,10-19,32.5
Orange; Jefferson,20-29,132.0
Orange; Jefferson,30-39,122.5
Orange; Jefferson,40-49,37.5
Orange; Jefferson,50-59,34.0
Orange; Jefferson,60-69,7.5
Orange; Jefferson,70-79,1.0
Palo Pinto,10-19,3.0
Palo Pinto,20-29,23.0
Palo Pinto,30-39,19.0
Palo Pinto,40-49,7.0
Palo Pinto,50-59,1.0
Palo Pinto,60-69,1.0
Panola,10-19,19.333333333333332
Panola,20-29,49.0
Panola,30-39,33.333333333333336
Panola,40-49,10.333333333333334
Panola,50-59,8.666666666666666
Panola,60-69,1.0
Panola,80-89,1.0
Panola; Rusk,30-39,1.0
Parker,10-19,59.0
Parker,20-29,147.75
Parker,30-39,137.75
Parker,40-49,83.25
Parker,50-59,41.75
Parker,60-69,12.5
Parker,70-79,1.5
Parker; Denton; Tarrant,10-19,2658.25
Parker; Denton; Tarrant,20-29,4881.0
Parker; Denton; Tarrant,30-39,3902.0
Parker; Denton; Tarrant,40-49,1996.75
Parker; Denton; Tarrant,50-59,1183.25
Parker; Denton; Tarrant,60-69,334.75
Parker; Denton; Tarrant,70-79,42.5
Parker; Denton; Tarrant,80-89,3.0
Parker; Denton; Tarrant,90+,1.0
Parker; Denton; Tarrant,< 10,1.0
Parker; Palo Pinto,10-19,22.333333333333332
Parker; Palo Pinto,20-29,68.66666666666667
Parker; Palo Pinto,30-39,57.666666666666664
Parker; Palo Pinto,40-49,25.0
Parker; Palo Pinto,50-59,18.666666666666668
Parker; Palo Pinto,60-69,7.0
Polk,10-19,124.5
Polk,20-29,276.25
Polk,30-39,280.5
Polk,40-49,173.75
Polk,50-59,108.0
Polk,60-69,33.25
Polk,70-79,5.5
Potter,20-29,2.0
Potter,30-39,2.5
Potter,40-49,1.0
Potter,50-59,2.0
Presidio,20-29,1.0
Presidio,60-69,1.0
Randall,10-19,34.5
Randall,20-29,35.0
Randall,30-39,16.75
Randall,40-49,9.25
Randall,50-59,4.0
Randall,70-79,2.0
Randall; Potter,10-19,494.25
Randall; Potter,20-29,972.25
Randall; Potter,30-39,812.5
Randall; Potter,40-49,359.0
Randall; Potter,50-59,157.75
Randall; Potter,60-69,43.75
Randall; Potter,70-79,4.333333333333333
Randall; Potter,80-89,1.5
Red River,10-19,1.0
Red River,20-29,6.0
Red River,30-39,7.5
Red River,40-49,2.0
Red River,50-59,3.0
Red River,60-69,2.0
Red River,70-79,1.0
Reeves,10-19,20.5
Reeves,20-29,49.0
Reeves,30-39,33.0
Reeves,40-49,15.5
Reeves,50-59,10.0
Reeves,60-69,2.0
Robertson,10-19,4.5
Robertson,20-29,14.25
Robertson,30-39,16.75
Robertson,40-49,9.25
Robertson,50-59,5.75
Robertson,60-69,2.5
Rockwall,10-19,207.0
Rockwall,20-29,421.25
Rockwall,30-39,287.25
Rockwall,40-49,143.25
Rockwall,50-59,58.0
Rockwall,60-69,14.5
Rockwall,70-79,2.0
Rockwall,80-89,1.0
Rockwall; Dallas,10-19,121.25
Rockwall; Dallas,20-29,135.75
Rockwall; Dallas,30-39,91.25
Rockwall; Dallas,40-49,49.25
Rockwall; Dallas,50-59,26.25
Rockwall; Dallas,60-69,7.5
Rockwall; Dallas,70-79,1.6666666666666667
Rockwall; Dallas,80-89,1.0
Rusk,10-19,23.5
Rusk,20-29,65.75
Rusk,30-39,59.5
Rusk,40-49,32.5
Rusk,50-59,21.5
Rusk,60-69,8.0
Rusk,70-79,1.6666666666666667
Rusk; Gregg,10-19,123.66666666666667
Rusk; Gregg,20-29,211.33333333333334
Rusk; Gregg,30-39,161.0
Rusk; Gregg,40-49,90.33333333333333
Rusk; Gregg,50-59,49.0
Rusk; Gregg,60-69,16.666666666666668
Rusk; Gregg,70-79,1.3333333333333333
Sabine,10-19,3.0
Sabine,20-29,11.0
Sabine,30-39,11.0
Sabine,40-49,13.0
Sabine,50-59,7.5
Sabine,60-69,3.0
Sabine,70-79,1.0
San Patricio,10-19,57.75
San Patricio,20-29,61.5
San Patricio,30-39,39.75
San Patricio,40-49,23.25
San Patricio,50-59,10.333333333333334
San Patricio,60-69,2.5
San Patricio,70-79,1.0
San Patricio,80-89,1.0
Shelby,10-19,2.6666666666666665
Shelby,20-29,18.5
Shelby,30-39,19.5
Shelby,40-49,10.0
Shelby,50-59,6.666666666666667
Shelby,60-69,1.3333333333333333
Smith,10-19,696.75
Smith,20-29,1115.0
Smith,30-39,649.0
Smith,40-49,323.0
Smith,50-59,196.75
Smith,60-69,66.75
Smith,70-79,11.5
Smith,80-89,4.0
Smith,< 10,1.0
Smith; Rusk,20-29,2.0
Smith; Rusk,30-39,1.0
Smith; Rusk,40-49,1.0
Somervell,10-19,6.0
Somervell,20-29,23.0
Somervell,30-39,13.0
Somervell,40-49,10.0
Somervell,50-59,9.0
Somervell,60-69,3.0
Starr,10-19,23.5
Starr,20-29,29.5
Starr,30-39,21.75
Starr,40-49,13.25
Starr,50-59,7.333333333333333
Starr,60-69,3.0
Stephens,10-19,26.0
Stephens,20-29,39.666666666666664
Stephens,30-39,33.666666666666664
Stephens,40-49,15.333333333333334
Stephens,50-59,7.333333333333333
Stephens,60-69,4.5
Stephens,70-79,3.0
Swisher,10-19,11.333333333333334
Swisher,20-29,18.0
Swisher,30-39,12.333333333333334
Swisher,40-49,8.333333333333334
Swisher,50-59,5.333333333333333
Swisher,60-69,1.0
Swisher,70-79,1.0
Tarrant,10-19,1863.75
Tarrant,20-29,4292.5
Tarrant,30-39,2664.75
Tarrant,40-49,1196.5
Tarrant,50-59,559.0
Tarrant,60-69,157.75
Tarrant,70-79,29.0
Tarrant,80-89,3.25
Tarrant; Denton,10-19,61.25
Tarrant; Denton,20-29,86.5
Tarrant; Denton,30-39,39.75
Tarrant; Denton,40-49,28.25
Tarrant; Denton,50-59,13.75
Tarrant; Denton,60-69,5.0
Tarrant; Johnson,10-19,67.5
Tarrant; Johnson,20-29,136.5
Tarrant; Johnson,30-39,156.5
Tarrant; Johnson,40-49,86.5
Tarrant; Johnson,50-59,36.0
Tarrant; Johnson,60-69,9.0
Tarrant; Johnson,70-79,2.0
Terry,10-19,25.666666666666668
Terry,20-29,33.0
Terry,30-39,42.333333333333336
Terry,40-49,22.666666666666668
Terry,50-59,9.0
Terry,60-69,4.0
Terry,70-79,1.0
Titus,10-19,8.0
Titus,20-29,28.0
Titus,30-39,35.0
Titus,40-49,19.5
Titus,50-59,10.5
Titus,60-69,2.5
Tom Green,10-19,457.75
Tom Green,20-29,859.5
Tom Green,30-39,666.75
Tom Green,40-49,251.0
Tom Green,50-59,144.5
Tom Green,60-69,42.25
Tom Green,70-79,4.75
Tom Green,80-89,1.6666666666666667
Travis,10-19,311.75
Travis,20-29,288.75
Travis,30-39,215.5
Travis,40-49,114.25
Travis,50-59,59.75
Travis,60-69,19.75
Travis,70-79,2.0
Travis,80-89,1.0
Travis; Bastrop,30-39,1.0
Travis; Williamson,10-19,214.0
Travis; Williamson,20-29,314.0
Travis; Williamson,30-39,241.0
Travis; Williamson,40-49,140.0
Travis; Williamson,50-59,57.5
Travis; Williamson,60-69,11.0
Travis; Williamson,70-79,5.0
Trinity,10-19,1.5
Upshur,10-19,53.0
Upshur,20-29,92.0
Upshur,30-39,99.5
Upshur,40-49,61.0
Upshur,50-59,35.5
Upshur,60-69,9.5
Upshur,70-79,1.0
Upshur; Gregg,10-19,11.0
Upshur; Gregg,20-29,20.666666666666668
Upshur; Gregg,30-39,18.0
Upshur; Gregg,40-49,8.666666666666666
Upshur; Gregg,50-59,4.333333333333333
Upshur; Gregg,60-69,1.5
Uvalde,10-19,14.0
Uvalde,20-29,37.0
Uvalde,30-39,61.0
Uvalde,40-49,17.0
Uvalde,50-59,4.0
Uvalde,60-69,2.0
Uvalde,70-79,1.0
Val Verde,10-19,8.0
Val Verde,20-29,8.0
Val Verde,30-39,14.0
Val Verde,40-49,4.0
Val Verde,50-59,1.0
Van Zandt,10-19,9.0
Van Zandt,20-29,23.0
Van Zandt,30-39,28.0
Van Zandt,40-49,13.0
Van Zandt,50-59,7.0
Van Zandt,60-69,3.0
Victoria,10-19,71.25
Victoria,20-29,145.75
Victoria,30-39,114.75
Victoria,40-49,52.5
Victoria,50-59,24.25
Victoria,60-69,5.75
Victoria,70-79,1.0
Walker,10-19,189.0
Walker,20-29,362.25
Walker,30-39,247.75
Walker,40-49,126.5
Walker,50-59,51.0
Walker,60-69,22.25
Walker,70-79,5.333333333333333
Waller,10-19,19.25
Waller,20-29,80.0
Waller,30-39,52.0
Waller,40-49,30.25
Waller,50-59,13.25
Waller,60-69,5.25
Waller,70-79,1.0
Waller; Fort Bend; Harris,10-19,48.25
Waller; Fort Bend; Harris,20-29,106.0
Waller; Fort Bend; Harris,30-39,68.5
Waller; Fort Bend; Harris,40-49,32.5
Waller; Fort Bend; Harris,50-59,12.0
Waller; Fort Bend; Harris,60-69,3.3333333333333335
Ward,20-29,1.0
Ward,40-49,1.0
Washington,10-19,131.66666666666666
Washington,20-29,209.66666666666666
Washington,30-39,135.33333333333334
Washington,40-49,63.333333333333336
Washington,50-59,33.666666666666664
Washington,60-69,6.666666666666667
Washington,70-79,1.0
Webb,10-19,913.5
Webb,20-29,1693.0
Webb,30-39,808.0
Webb,40-49,395.5
Webb,50-59,181.5
Webb,60-69,36.5
Webb,70-79,4.5
Webb,80-89,1.0
Wharton,10-19,185.0
Wharton,20-29,298.5
Wharton,30-39,191.75
Wharton,40-49,92.75
Wharton,50-59,39.25
Wharton,60-69,17.75
Wharton,70-79,2.0
Wichita,10-19,26.0
Wichita,20-29,53.25
Wichita,30-39,51.0
Wichita,40-49,25.5
Wichita,50-59,16.0
Wichita,60-69,5.0
Wichita,70-79,1.0
Wilbarger,10-19,35.5
Wilbarger,20-29,73.5
Wilbarger,30-39,63.5
Wilbarger,40-49,42.5
Wilbarger,50-59,25.0
Wilbarger,60-69,8.0
Wilbarger,70-79,1.5
Willacy,10-19,38.0
Willacy,20-29,81.0
Willacy,30-39,49.0
Willacy,40-49,27.0
Willacy,50-59,14.0
Willacy,60-69,1.0
Williamson,10-19,331.75
Williamson,20-29,477.0
Williamson,30-39,348.75
Williamson,40-49,170.5
Williamson,50-59,77.0
Williamson,60-69,27.25
Williamson,70-79,2.5
Williamson,80-89,2.25
Williamson; Travis,10-19,1041.75
Williamson; Travis,20-29,2433.75
Williamson; Travis,30-39,1880.0
Williamson; Travis,40-49,943.5
Williamson; Travis,50-59,477.5
Williamson; Travis,60-69,149.0
Williamson; Travis,70-79,20.0
Williamson; Travis,80-89,2.0
Williamson; Travis,< 10,1.0
Wilson,10-19,3.0
Wilson,20-29,18.5
Wilson,30-39,19.0
Wilson,40-49,7.5
Wilson,50-59,3.5
Wilson,60-69,1.5
Wilson,70-79,1.0
Wise,10-19,109.5
Wise,20-29,281.75
Wise,30-39,228.75
Wise,40-49,119.25
Wise,50-59,71.75
Wise,60-69,18.5
Wise,70-79,5.0
Wise,80-89,1.3333333333333333
Zavala,10-19,3.0
Zavala,20-29,26.0
Zavala,30-39,13.0
Zavala,40-49,4.0
Zavala,50-59,4.0
