COUNTY_NAME,TOT_OFFENSES
Anderson,113.0
Andrews,248.0
Angelina,3.0
Aransas,81.5
Atascosa,293.5
Austin,105.0
Bandera,71.5
Bastrop,146.5
Baylor,38.25
Bee,1.5
Bell,1299.75
Bexar,775.0
Bexar; Medina; Atascosa,2.0
Blanco,10.5
Bowie,95.0
Brazoria,660.5
Brazos,1355.5
Brewster,70.0
Brown,598.3333333333334
Burnet,704.0
Burnet; Llano,32.0
Caldwell,40.5
Caldwell; Hays,1093.0
Caldwell; Travis,5.0
Calhoun,308.25
Cameron,3700.0
Camp,173.66666666666666
Cass,44.666666666666664
Chambers,500.0
Chambers; Harris,506.0
Cherokee,313.0
Childress,3.0
Cochran,23.5
Collin,2412.75
Collin; Dallas,2252.25
Collin; Dallas; Denton,1016.0
Colorado,13.666666666666666
Comal,108.66666666666667
Comal; Guadalupe; Bexar,45.0
Comal; Kendall; Bexar,126.0
Comanche,26.0
Concho,1.0
Cooke,213.5
Cooke; Denton,68.0
Coryell,240.0
Dallas,2920.0
Dallas; Denton,1806.25
Dallas; Rockwall; Collin,424.75
Deaf Smith,2.0
Delta,37.0
Denton,2742.0
Denton; Collin,4256.25
Denton; Collin; Dallas,149.0
Denton; Dallas,224.0
Dewitt,276.25
Dewitt; Lavaca,3.0
Duval,70.33333333333333
Eastland,67.25
Ector,6.0
El Paso,5984.5
Ellis,38.333333333333336
Ellis; Dallas,608.0
Ellis; Johnson,26.0
Ellis; Johnson; Tarrant,370.0
Ellis; Tarrant; Dallas,3282.3333333333335
Erath,30.0
Fannin,34.0
Fayette,91.66666666666667
Floyd,50.5
Fort Bend,1983.3333333333333
Fort Bend; Harris; Brazoria,2502.0
Freestone,31.5
Galveston,1930.0
Gillespie,74.0
Goliad,42.0
Gray,373.5
Grayson,617.0
Grimes,185.66666666666666
Guadalupe,137.0
Guadalupe; Comal,1543.3333333333333
Hale,217.66666666666666
Hamilton,1.0
Hansford,3.0
Hardin,638.0
Harris,5610.75
Harris; Fort Bend,635.6666666666666
Harris; Galveston,1066.5
Harrison,284.0
Harrison; Gregg,2304.75
Hartley; Dallam,101.5
Haskell,6.0
Hays,997.3333333333334
Henderson,152.33333333333334
Henderson; Anderson,96.75
Hidalgo,1647.75
Hill,267.6666666666667
Hockley,182.66666666666666
Hood,72.5
Hopkins,274.0
Houston,1.0
Howard,672.6666666666666
Hudspeth,364.6666666666667
Hunt,252.5
Hunt; Collin; Rockwall,606.5
Hutchinson,176.25
Jackson,206.0
Jasper,207.0
Jefferson,396.75
Johnson,802.0
Jones; Taylor,2020.0
Karnes,7.0
Kaufman,2060.0
Kaufman; Dallas,6.0
Kaufman; Henderson,2.0
Kendall,807.5
Kerr,483.6666666666667
Lamar,139.25
Lampasas,393.5
Lavaca,107.25
Lee,137.5
Leon,2.0
Liberty,254.5
Limestone,287.0
Llano,137.5
Lubbock,6183.75
Madison,121.5
Marion,29.0
Martin,1.0
Matagorda,539.0
Mclennan,3949.5
Medina,108.75
Midland; Ector,282.0
Milam,232.25
Montgomery,2134.5
Montgomery; Fort Bend; Harris,25534.333333333332
Moore,142.33333333333334
Morris,203.5
Nacogdoches,2085.0
Navarro,613.6666666666666
Newton,6.5
Nolan,28.75
Nueces,5686.5
Ochiltree,128.0
Orange,113.33333333333333
Orange; Jefferson,366.5
Palo Pinto,54.0
Panola,121.33333333333333
Panola; Rusk,1.0
Parker,483.5
Parker; Denton; Tarrant,15002.0
Parker; Palo Pinto,199.33333333333334
Polk,1001.75
Potter,4.0
Presidio,2.0
Randall,100.0
Randall; Potter,2843.5
Red River,21.5
Reeves,130.0
Robertson,53.0
Rockwall,1133.0
Rockwall; Dallas,433.0
Rusk,212.0
Rusk; Gregg,653.3333333333334
Sabine,47.5
San Patricio,193.25
Shelby,56.0
Smith,3062.0
Smith; Rusk,2.0
Somervell,64.0
Starr,83.25
Stephens,126.0
Swisher,56.333333333333336
Tarrant,10766.5
Tarrant; Denton,234.5
Tarrant; Johnson,494.0
Terry,137.33333333333334
Titus,103.5
Tom Green,2427.75
Travis,1012.0
Travis; Bastrop,1.0
Travis; Williamson,980.0
Trinity,1.5
Upshur,351.0
Upshur; Gregg,60.0
Uvalde,136.0
Val Verde,35.0
Van Zandt,83.0
Victoria,414.75
Walker,1002.75
Waller,200.25
Waller; Fort Bend; Harris,269.75
Ward,2.0
Washington,581.0
Webb,4033.0
Wharton,826.5
Wichita,177.0
Wilbarger,249.5
Willacy,210.0
Williamson,1437.0
Williamson; Travis,6941.75
Wilson,53.5
Wise,833.0
Zavala,50.0
